,R,Dens
0,0.00336159803360268,1
1,0.004955981760790039,1
2,0.005171678404237975,1
3,0.005543788920760577,1
4,0.006134078411086875,1
5,0.01240667128481228,1
6,0.01364460785107879,1
7,0.01369681879381075,1
8,0.01386956605841826,1
9,0.01428971364577497,1
10,0.01532886690470804,1
11,0.01578666257491932,1
12,0.01651977966060558,1
13,0.01752374505395974,1
14,0.01755414955441872,1
15,0.01775203567578712,1
16,0.01877493476124888,1
17,0.0190357105607661,1
18,0.0197770585871333,1
19,0.01989603413510774,1
20,0.02061159607098877,1
21,0.02104594228830426,1
22,0.02139525648918672,1
23,0.02188760172736418,1
24,0.02266325390928541,1
25,0.02311465316984167,1
26,0.02322059850689537,1
27,0.02434432798183874,1
28,0.02514392098590927,1
29,0.02517994420768774,1
30,0.02803892390082525,1
31,0.02830816446818595,1
32,0.02848837305250106,1
33,0.02857986869979764,1
34,0.028954240685286,1
35,0.02944984156225661,1
36,0.02957604540527225,1
37,0.03060687205293962,1
38,0.03093815175766318,1
39,0.03115798172872682,1
40,0.03125265007021439,1
41,0.03126280686831875,1
42,0.03146583987367547,1
43,0.03229311044242895,1
44,0.03255544055945533,1
45,0.03341884010015926,1
46,0.03342941710586649,1
47,0.03368905898118423,1
48,0.03385456486317893,1
49,0.0349749179610922,1
50,0.03509699657984999,1
51,0.03512841324637322,1
52,0.03545359480524558,1
53,0.0358921115757592,1
54,0.03624049737387788,1
55,0.03639348317010177,1
56,0.03675311968056915,1
57,0.03759833513915904,1
58,0.03840368729823491,1
59,0.03857963175920443,1
60,0.038699027712206,1
61,0.03923809366276777,1
62,0.039249425641447,1
63,0.03930815533615788,1
64,0.03931104975257295,1
65,0.04069907285082928,1
66,0.04095759082407921,1
67,0.04141835986791946,1
68,0.04157444442043512,1
69,0.04184783966318365,1
70,0.04239813345263545,1
71,0.04360649866981745,1
72,0.04367029974088093,1
73,0.04372572401924037,1
74,0.04453258935335205,1
75,0.04520052393231581,1
76,0.04575060823746491,1
77,0.04592117017521463,1
78,0.04608985157460992,1
79,0.04675088102886748,1
80,0.04706612159241248,1
81,0.04756355795401715,1
82,0.04781824144180429,1
83,0.04802646366806597,1
84,0.04841653956266817,1
85,0.04863275199931216,1
86,0.04874575849362566,1
87,0.04875438362643075,1
88,0.04883731297101711,1
89,0.04897806111837063,1
90,0.04933143383351403,1
91,0.04943838564750525,1
92,0.04968799706192615,1
93,0.04981821264733038,1
94,0.05025620037681945,1
95,0.05027902062678674,1
96,0.05073321689957683,1
97,0.05155732714981914,1
98,0.05180389285129916,1
99,0.05210446742656254,1
100,0.0525576927877776,1
101,0.05265747688486003,1
102,0.05281245931237047,1
103,0.05285459032312333,1
104,0.05290807797746093,1
105,0.05300599830029496,1
106,0.05303158479073942,1
107,0.05305087146896278,1
108,0.05305098286395592,1
109,0.05336665851843775,1
110,0.05396193433669153,1
111,0.05471514705583801,1
112,0.05475245134816327,1
113,0.05502520477973257,1
114,0.05594133154366496,1
115,0.05658326201863435,1
116,0.05686755970781995,1
117,0.05698875556939851,1
118,0.05719060161423679,1
119,0.05734034508120121,1
120,0.05758191901030991,1
121,0.05761232432063963,1
122,0.05763938927152616,1
123,0.0579784393400728,1
124,0.05808645911542948,1
125,0.05883974411116687,1
126,0.0589513342812595,1
127,0.05937398835024378,1
128,0.05976389325901642,1
129,0.06002529986121947,1
130,0.06003812691410752,1
131,0.06021386412062742,1
132,0.06021521475145108,1
133,0.06045991317682367,1
134,0.06075305143625417,1
135,0.06079291715674552,1
136,0.06104899954180899,1
137,0.06122731452381508,1
138,0.06124800488888963,1
139,0.06126214015514236,1
140,0.06136728748227379,1
141,0.06171853396067353,1
142,0.06227171562615548,1
143,0.06316288495526826,1
144,0.0634461559066472,1
145,0.06363219249398833,1
146,0.06416096907944432,1
147,0.06440228589624437,1
148,0.06456829933973386,1
149,0.06461087271138108,1
150,0.06481342417613407,1
151,0.06517375413568655,1
152,0.06562381377920257,1
153,0.0660009548134258,1
154,0.066229882399111,1
155,0.06647919724473504,1
156,0.06693120185484304,1
157,0.06722311541400532,1
158,0.0675397502454749,1
159,0.06786232289199055,1
160,0.06810304682525854,1
161,0.06813700079295766,1
162,0.06833206974761162,1
163,0.06837101085325992,1
164,0.06842682003240684,1
165,0.06853106140242538,1
166,0.06856884381279266,1
167,0.06864752811116213,1
168,0.0687416709510984,1
169,0.07002381082111375,1
170,0.07010454253514227,1
171,0.07025008938360111,1
172,0.07040344452146362,1
173,0.07040437056323638,1
174,0.07051855980189387,1
175,0.07171753056826169,1
176,0.07202894646824375,1
177,0.0722211343710591,1
178,0.07227426858112995,1
179,0.07246313197233376,1
180,0.0724841141450804,1
181,0.07312979297180154,1
182,0.07356569430727657,1
183,0.07362212469920257,1
184,0.07375692246043272,1
185,0.07458786482152338,1
186,0.07464669190932847,1
187,0.0749270561760053,1
188,0.07533935970454937,1
189,0.0753463449280499,1
190,0.07584683255815536,1
191,0.0761052677680653,1
192,0.07619085197600844,1
193,0.07620394183826047,1
194,0.07662396761622445,1
195,0.07670425797802846,1
196,0.07676519967167403,1
197,0.0768262998669126,1
198,0.07735981927732487,1
199,0.07814752036408616,1
200,0.07852085336617302,1
201,0.07853213822483292,1
202,0.07863202197727212,1
203,0.07876991601613487,1
204,0.07880311260436668,1
205,0.07911365678849189,1
206,0.07934249582570231,1
207,0.07952213762182826,1
208,0.08026776214130224,1
209,0.08027331323053724,1
210,0.08052550209903425,1
211,0.08086997472343684,1
212,0.08087640360784795,1
213,0.08105792842380509,1
214,0.08150716437285431,1
215,0.0820219377091329,1
216,0.08205904186009239,1
217,0.08208748057437333,1
218,0.08220300800651734,1
219,0.08227954328964734,1
220,0.08241915315093407,1
221,0.08243282928132044,1
222,0.08268045208875587,1
223,0.08285821951914887,1
224,0.08303725970973123,1
225,0.08306052258707938,1
226,0.08327082740969248,1
227,0.08354015247164882,1
228,0.08365769867803172,1
229,0.08416731498351858,1
230,0.08427261015152698,1
231,0.0845263610424861,1
232,0.08464338413252713,1
233,0.08497477679049897,1
234,0.08506764688665684,1
235,0.08508566215618772,1
236,0.0850966153226999,1
237,0.08560248624212508,1
238,0.08592353311832995,1
239,0.08593272277611998,1
240,0.08594223878983388,1
241,0.0862757252349416,1
242,0.0863558708497148,1
243,0.08641838235359285,1
244,0.08642958586111378,1
245,0.08662374299131213,1
246,0.08669631906327328,1
247,0.08748383355750423,1
248,0.08751167110234151,1
249,0.08788378578190735,1
250,0.08798434249927013,1
251,0.08821042906692826,1
252,0.0884708600900879,1
253,0.08852795182897398,1
254,0.08854467278877909,1
255,0.08867377928589183,1
256,0.08882946188096286,1
257,0.08908897577626806,1
258,0.08919146269241535,1
259,0.08944506491320951,1
260,0.08966795419836773,1
261,0.08993068586026987,1
262,0.09008217014336506,1
263,0.0901291678799179,1
264,0.09023518356112112,1
265,0.09025341775629289,1
266,0.09072086112239043,1
267,0.09082045740968658,1
268,0.09084143126611292,1
269,0.09085383086119532,1
270,0.09103883098614246,1
271,0.09150551265202228,1
272,0.09153759108426122,1
273,0.09197174670412102,1
274,0.0922640764936047,1
275,0.09233714622151053,1
276,0.09242392270985669,1
277,0.09256264086982928,1
278,0.09257006762985613,1
279,0.09276002427866904,1
280,0.09302195777393844,1
281,0.09305992356145659,1
282,0.09307817331650406,1
283,0.09316181656506625,1
284,0.09328350587219146,1
285,0.09351002830712435,1
286,0.09383571024427668,1
287,0.09394494131644004,1
288,0.09408813045137372,1
289,0.09425006496708963,1
290,0.09440578257698154,1
291,0.09465051208040856,1
292,0.09467925492007176,1
293,0.0949553729769651,1
294,0.09498637888544234,1
295,0.09508785666419825,1
296,0.0951214613456964,1
297,0.09533469425299165,1
298,0.09561025888224822,1
299,0.09583398664025279,1
300,0.0958625134546156,1
301,0.09596766624536378,1
302,0.096360170405087,1
303,0.09637321779324685,1
304,0.09649328523948968,1
305,0.09674372649405777,1
306,0.09674407600739154,1
307,0.09774942571319252,1
308,0.09800673555698564,1
309,0.09827142385103407,1
310,0.09857407229503887,1
311,0.09863471832753645,1
312,0.09877464226104532,1
313,0.0988887402738885,1
314,0.099410132968114,1
315,0.099424608075709,1
316,0.0995157654422032,1
317,0.09973128071387943,1
318,0.09974466618112914,1
319,0.09980095408770595,1
320,0.1005107183444492,1
321,0.100563845279048,1
322,0.1008304859895523,1
323,0.1009297482562716,1
324,0.1010283564316575,1
325,0.1010987158991971,1
326,0.1016067139938219,1
327,0.1016247502962222,1
328,0.1019389210677347,1
329,0.1020607222574014,1
330,0.1022765521669778,1
331,0.1023010715888927,1
332,0.102596963970406,1
333,0.1027501460719494,1
334,0.1027962997307416,1
335,0.1030142992005206,1
336,0.1031721073538558,1
337,0.1037365190867795,1
338,0.1037402593483732,1
339,0.1039871333643151,1
340,0.10407406685408,1
341,0.1041011563358757,1
342,0.104137656370562,1
343,0.1041801707647034,1
344,0.1042013546442846,1
345,0.1042999178665266,1
346,0.1045846112289021,1
347,0.1045987470797039,1
348,0.1047409172744854,1
349,0.1047456460194739,1
350,0.1048694099819498,1
351,0.104914908759521,1
352,0.1050517433467714,1
353,0.1053477144856818,1
354,0.1053516735238103,1
355,0.1055949844349327,1
356,0.1059919571880152,1
357,0.1060482857245846,1
358,0.1063804951698488,1
359,0.1066688882093979,1
360,0.1068504618620274,1
361,0.1068810157305904,1
362,0.1070457866163732,1
363,0.1074432808876386,1
364,0.1074818251980853,1
365,0.1075216184009953,1
366,0.1077571058355289,1
367,0.107990745860084,1
368,0.1080737008599727,1
369,0.1082711151357702,1
370,0.1083308250824437,1
371,0.1084056023263047,1
372,0.1084154963946657,1
373,0.1084413651108906,1
374,0.108645208660919,1
375,0.108706041592072,1
376,0.1089713058481916,1
377,0.1091365692300454,1
378,0.1092753588452253,1
379,0.1092943339153124,1
380,0.1094127144608314,1
381,0.1094423784515181,1
382,0.1096433861775623,1
383,0.109652956295139,1
384,0.1097719133039913,1
385,0.1098151530402928,1
386,0.1098488480836739,1
387,0.1102478589483465,1
388,0.1110369585839208,1
389,0.111236857452621,1
390,0.1112562626643239,1
391,0.1113949767657731,1
392,0.1115578338542145,1
393,0.1120081142462515,1
394,0.113022376631945,1
395,0.1130842904454732,1
396,0.1131998956552331,1
397,0.1132503572503614,1
398,0.1132546642747092,1
399,0.1133094634112572,1
400,0.1133482995981741,1
401,0.1133484858376233,1
402,0.113374666968039,1
403,0.1136366125158862,1
404,0.1136571888978925,1
405,0.1136842248791805,1
406,0.1138168067841199,1
407,0.1138527837528592,1
408,0.1138954434856357,1
409,0.1144912392023103,1
410,0.1145171866488694,1
411,0.1147371035203476,1
412,0.1148165276501849,1
413,0.1149535394944263,1
414,0.1149629180759225,1
415,0.1150712108933841,1
416,0.1151907207972507,1
417,0.1153037097286859,1
418,0.1153447937740801,1
419,0.1157969526531174,1
420,0.1161576162946077,1
421,0.1163206906308152,1
422,0.116594107021219,1
423,0.1168094822669953,1
424,0.1169673349397354,1
425,0.1169944059473919,1
426,0.1170486949847862,1
427,0.1170557165712845,1
428,0.1174592173034717,1
429,0.1175400933498018,1
430,0.1176705032779717,1
431,0.1177344850560297,1
432,0.1181871698914582,1
433,0.1181987106976005,1
434,0.1184177859709324,1
435,0.118433245687123,1
436,0.1185085670303447,1
437,0.118552333352565,1
438,0.1189546260584613,1
439,0.118979098643247,1
440,0.119252530733961,1
441,0.1192981299437542,1
442,0.1193965115182976,1
443,0.1194003214345165,1
444,0.1197818802074994,1
445,0.1198352495977192,1
446,0.1200902586887626,1
447,0.1202505418031883,1
448,0.1203045821361805,1
449,0.1204785737382877,1
450,0.1205776614340408,1
451,0.1207375915856805,1
452,0.1208459031562211,1
453,0.1209289175336399,1
454,0.1210089114396453,1
455,0.1210348080968375,1
456,0.121067579510534,1
457,0.1215652826111259,1
458,0.1218467386679731,1
459,0.1221810321736774,1
460,0.1223345673384701,1
461,0.1227015193948231,1
462,0.1227077389230578,1
463,0.123170645558268,1
464,0.123349170383264,1
465,0.1233760925665951,1
466,0.1234703386615445,1
467,0.1237360471064123,1
468,0.1240026363009464,1
469,0.1240909028743474,1
470,0.1241277177830008,1
471,0.1243362181589178,1
472,0.1246008245272148,1
473,0.1246695048110247,1
474,0.1246813392281937,1
475,0.1247978880820624,1
476,0.1248513434565041,1
477,0.1248894310284532,1
478,0.124989596877153,1
479,0.1250207226686608,1
480,0.1251644229659769,1
481,0.1252584543219612,1
482,0.1252925143315457,1
483,0.1253801346121971,1
484,0.1253925724829061,1
485,0.1261187016727028,1
486,0.126202781263638,1
487,0.1262059196015023,1
488,0.1265647743577073,1
489,0.1268092420209046,1
490,0.1268690455830332,1
491,0.1269283362270282,1
492,0.1269950940077248,1
493,0.127275186115722,1
494,0.1274134835080016,1
495,0.1274508231715997,1
496,0.1274910192148222,1
497,0.1279634281809746,1
498,0.1286611750863013,1
499,0.1287699710065834,1
500,0.1287879670754501,1
501,0.1289209045985772,1
502,0.1295085619870355,1
503,0.1296212656596794,1
504,0.1296697543484331,1
505,0.1298449759070681,1
506,0.129978875878564,1
507,0.1300336177663462,1
508,0.1302679413025683,1
509,0.1307347683275112,1
510,0.1307522695705567,1
511,0.1309782518638905,1
512,0.1312301704252835,1
513,0.1313330744190826,1
514,0.1314483136039867,1
515,0.1315893887102549,1
516,0.1319438223699214,1
517,0.1319761900435482,1
518,0.1320426562430843,1
519,0.1322336399649626,1
520,0.132242843715664,1
521,0.1322858044587729,1
522,0.132313505644714,1
523,0.1324944819746339,1
524,0.132613301045393,1
525,0.1326179744167433,1
526,0.1329788454670869,1
527,0.1330514591429924,1
528,0.1339013638165638,1
529,0.1339470958581959,1
530,0.133952007926222,1
531,0.1341310642273264,1
532,0.1345065071109899,1
533,0.1348115176896005,1
534,0.1357443718152428,1
535,0.1361415039746049,1
536,0.1363358690874661,1
537,0.1363828670030985,1
538,0.1364031725797372,1
539,0.1364596680676332,1
540,0.1367192303141617,1
541,0.1368152155212585,1
542,0.1369532818277405,1
543,0.1371188027406479,1
544,0.1371445504916125,1
545,0.1371457687903392,1
546,0.1373935749144908,1
547,0.1375886382911556,1
548,0.1375907873245473,1
549,0.137828998028971,1
550,0.1379858152859695,1
551,0.1380276812008129,1
552,0.1381916410039856,1
553,0.1382283278985205,1
554,0.1385160643211954,1
555,0.1385522759865171,1
556,0.1388829403156448,1
557,0.1393214698270927,1
558,0.1394149274985837,1
559,0.1394862099072211,1
560,0.1395968168019189,1
561,0.1396019248713266,1
562,0.1397074564852325,1
563,0.1397541127397312,1
564,0.1397895436895734,1
565,0.1398565137065101,1
566,0.1399234247291514,1
567,0.1399250705348638,1
568,0.1400698418132863,1
569,0.1400765192031453,1
570,0.1402944019335975,1
571,0.1403104048433404,1
572,0.1409100333482886,1
573,0.1409892393628666,1
574,0.1412901944648681,1
575,0.1413780637645842,1
576,0.1416406225247539,1
577,0.1416582977748967,1
578,0.1420219386196394,1
579,0.1421047261113036,1
580,0.1421616431107923,1
581,0.1422108359286899,1
582,0.142342288513679,1
583,0.1424242682262318,1
584,0.1427908786238195,1
585,0.1428859263762263,1
586,0.1429033123661458,1
587,0.1429099184374885,1
588,0.1434343699659247,1
589,0.1436223778930907,1
590,0.1437277699624878,1
591,0.1438085612499178,1
592,0.1440229514795394,1
593,0.1442365540340601,1
594,0.1443098856870672,1
595,0.1443221464266314,1
596,0.1447474254367141,1
597,0.1449415036829672,1
598,0.1450517349877791,1
599,0.1451490403701597,1
600,0.14515351002448,1
601,0.1451541923058764,1
602,0.1451809415498183,1
603,0.1451945681261287,1
604,0.1455250656555039,1
605,0.1455757033996716,1
606,0.1456964681503379,1
607,0.1462726090511169,1
608,0.1463492698218255,1
609,0.1469111146621755,1
610,0.147136209943668,1
611,0.1476978122030034,1
612,0.1477158568147121,1
613,0.1479414240519869,1
614,0.1485816219943505,1
615,0.1487101812280374,1
616,0.1490395891330005,1
617,0.1495291666833768,1
618,0.1497430527898773,1
619,0.1497551528004329,1
620,0.1500438998080226,1
621,0.1500470977824233,1
622,0.1505787128844699,1
623,0.1505811975989287,1
624,0.1506733554528565,1
625,0.1507300184987695,1
626,0.1508731886060397,1
627,0.1508919280614704,1
628,0.1510349669460606,1
629,0.1510856120645759,1
630,0.1510948419471047,1
631,0.1511112168455384,1
632,0.1512148062622219,1
633,0.1513528529949178,1
634,0.1518573219769943,1
635,0.1518652293543875,1
636,0.1518687308316598,1
637,0.1519407928394089,1
638,0.152057864030631,1
639,0.1521021776828809,1
640,0.1524223561644162,1
641,0.1524855661632906,1
642,0.1531175765704453,1
643,0.1535852255964136,1
644,0.1536713190614936,1
645,0.1537479178205607,1
646,0.1538918914342509,1
647,0.153988711738322,1
648,0.1540363694764768,1
649,0.1541218206051115,1
650,0.1541315851193455,1
651,0.1541887769058223,1
652,0.1542666404878952,1
653,0.154460421624268,1
654,0.1547499672511599,1
655,0.1548970561274938,1
656,0.1550206789668528,1
657,0.1551910512717209,1
658,0.1553901170676663,1
659,0.1558138775322675,1
660,0.1560258982967521,1
661,0.1560498808248206,1
662,0.1563421097811935,1
663,0.1564420535894001,1
664,0.1566594814736604,1
665,0.1566816773204535,1
666,0.1567007103349217,1
667,0.1567348753719016,1
668,0.1567630976102458,1
669,0.1568778337547367,1
670,0.1569284625815799,1
671,0.1569350592968211,1
672,0.1577457329429246,1
673,0.1579029492869275,1
674,0.1579666233125871,1
675,0.158151153104758,1
676,0.1583395079292577,1
677,0.1584078367716657,1
678,0.1586842121442116,1
679,0.158729575701244,1
680,0.1587810123447454,1
681,0.1588092225853755,1
682,0.1588735365700437,1
683,0.1590271641004442,1
684,0.159055005112344,1
685,0.1590703149247171,1
686,0.1594671872581552,1
687,0.1595319387437321,1
688,0.1596397881824744,1
689,0.1598198587606412,1
690,0.1598248291635032,1
691,0.1598772775115863,1
692,0.1599727576222981,1
693,0.1599789024985689,1
694,0.1600178141837901,1
695,0.160140497843355,1
696,0.1603174085124928,1
697,0.1604162286776002,1
698,0.1604516629115559,1
699,0.1608977968253295,1
700,0.1610118967167495,1
701,0.1610765658263773,1
702,0.161178518822476,1
703,0.1615309388020245,1
704,0.1618761761031075,1
705,0.1620936345807731,1
706,0.1623111478763175,1
707,0.162563249798506,1
708,0.1627554371650601,1
709,0.1627565522063678,1
710,0.1627764095095688,1
711,0.1627971585802122,1
712,0.1636392985179947,1
713,0.1637248662615076,1
714,0.1637733480513531,1
715,0.1638370296821373,1
716,0.1638615132144889,1
717,0.163899939116438,1
718,0.1639025578003,1
719,0.1644614947765058,1
720,0.1645344996356691,1
721,0.1647171438268499,1
722,0.1647458326783001,1
723,0.1648387472551845,1
724,0.1652956848969605,1
725,0.1653203787746408,1
726,0.1654211175457546,1
727,0.1655288130385415,1
728,0.1655539167370806,1
729,0.1656873602055839,1
730,0.165748855646814,1
731,0.1660427959415824,1
732,0.1665206385947924,1
733,0.1666243603590288,1
734,0.1674759314713456,1
735,0.167540774936045,1
736,0.1676182956335863,1
737,0.1678487257716358,1
738,0.1678949135622045,1
739,0.1680417913800824,1
740,0.1682669001168897,1
741,0.1685724858857242,1
742,0.1686556273396555,1
743,0.1689582403924849,1
744,0.169002499179098,1
745,0.1690427916582793,1
746,0.1692250242257017,1
747,0.1693828854371089,1
748,0.1694026486912249,1
749,0.1695339732976036,1
750,0.169987826048143,1
751,0.170001570507637,1
752,0.1701195132714953,1
753,0.1702165516369541,1
754,0.1704483999320541,1
755,0.1704618054519621,1
756,0.1705210606596488,1
757,0.1712158313125253,1
758,0.171414526204113,1
759,0.1714827411416089,1
760,0.1715223341215165,1
761,0.1715350928575286,1
762,0.1715710830130193,1
763,0.1715790626375342,1
764,0.1716673084068674,1
765,0.1717037066760034,1
766,0.1720896169369509,1
767,0.1720905330802244,1
768,0.1723714488877651,1
769,0.1724372439321373,1
770,0.1726856174041853,1
771,0.1729817764343722,1
772,0.1730665352768334,1
773,0.1731218237398399,1
774,0.1732167028899178,1
775,0.173250832852443,1
776,0.17367939021162,1
777,0.1736961487497264,1
778,0.1740110444026986,1
779,0.1742061036784923,1
780,0.1742241015875785,1
781,0.1743102753695485,1
782,0.1744414429754827,1
783,0.1746118192884877,1
784,0.1746971543515951,1
785,0.1747670719611151,1
786,0.1748993663413874,1
787,0.1749668950863126,1
788,0.1750274094077486,1
789,0.1751405790849423,1
790,0.1751413819191645,1
791,0.1752562537835524,1
792,0.1752703922861412,1
793,0.1754016988025952,1
794,0.1754667343812067,1
795,0.176069214019747,1
796,0.1761131856974123,1
797,0.1763214877279733,1
798,0.1764744630560502,1
799,0.1764902160171452,1
800,0.1765913213379344,1
801,0.1766536778877945,1
802,0.1766847101328609,1
803,0.176775355928711,1
804,0.1773508343820123,1
805,0.1773534060600384,1
806,0.1774949457357985,1
807,0.1778805937448504,1
808,0.1782798006989003,1
809,0.1783384240409815,1
810,0.1786762017310271,1
811,0.1788133975112956,1
812,0.1789187548249018,1
813,0.1791670085676557,1
814,0.1794134444511741,1
815,0.1796237329804616,1
816,0.1799273654423011,1
817,0.1800897073908628,1
818,0.1801141091156525,1
819,0.1802549480656668,1
820,0.1804144184304047,1
821,0.1804503989825627,1
822,0.180454968302885,1
823,0.1808281610609288,1
824,0.181014695557078,1
825,0.1810651361025699,1
826,0.1815913148573631,1
827,0.1816219673312358,1
828,0.181645667250592,1
829,0.1817782182595243,1
830,0.1817994694145172,1
831,0.1818956868444815,1
832,0.1819004116811077,1
833,0.1822391265667547,1
834,0.1822851326790074,1
835,0.1824067938998915,1
836,0.1824197923225824,1
837,0.1825997315560374,1
838,0.1826953162771138,1
839,0.1830377945031635,1
840,0.1832802816858204,1
841,0.1837586380978266,1
842,0.1838782689904761,1
843,0.1843817512412493,1
844,0.1847210570140868,1
845,0.1854031882581834,1
846,0.1855679304059496,1
847,0.1855973717180142,1
848,0.1856562271101266,1
849,0.1859514653959618,1
850,0.1860523783595502,1
851,0.1861151650736457,1
852,0.1863757022730528,1
853,0.1864219028385049,1
854,0.1865804917047601,1
855,0.1870198263393104,1
856,0.1871257711492383,1
857,0.1871767043697113,1
858,0.1872532490469574,1
859,0.1879626926668998,1
860,0.1881408617262164,1
861,0.188588864751591,1
862,0.1887085583929392,1
863,0.1889500544213587,1
864,0.1890476148429806,1
865,0.1890632321548765,1
866,0.1892051114813745,1
867,0.1901766412766125,1
868,0.1902264210635812,1
869,0.1904315460122673,1
870,0.1904724951350335,1
871,0.1908398108527086,1
872,0.1910991199856013,1
873,0.1912267984873377,1
874,0.1917686262886944,1
875,0.1919015945960535,1
876,0.191934940543525,1
877,0.192099683718585,1
878,0.1921624874564729,1
879,0.1927525461732596,1
880,0.1928237570582675,1
881,0.1929923288014813,1
882,0.1931864337236256,1
883,0.1932368636877857,1
884,0.1933277280471179,1
885,0.1934658100819813,1
886,0.193730325957051,1
887,0.1938716229009253,1
888,0.1939609915621257,1
889,0.1939706014091602,1
890,0.1940148560001113,1
891,0.1942667727237541,1
892,0.1945078533843317,1
893,0.194568519345253,1
894,0.1946117048382337,1
895,0.1946885330264498,1
896,0.1947923249251139,1
897,0.1953988166781713,1
898,0.1960692665916772,1
899,0.1961181705809514,1
900,0.1962244351510851,1
901,0.1965228877096928,1
902,0.1966954657810656,1
903,0.1968049325023442,1
904,0.1970795968831594,1
905,0.1971167462808601,1
906,0.1972211131700395,1
907,0.1973139588484576,1
908,0.1973887251512257,1
909,0.1973959437561337,1
910,0.197953018976142,1
911,0.1980110618186108,1
912,0.1981573302507269,1
913,0.1983798139154888,1
914,0.1987025936494966,1
915,0.1987116193984456,1
916,0.198934432246678,1
917,0.1991893545056602,1
918,0.1993984438825294,1
919,0.1998322714821513,1
920,0.2000627626979846,1
921,0.2001342472874795,1
922,0.2003428247881422,1
923,0.2003599961738632,1
924,0.2005836019661087,1
925,0.200632591507642,1
926,0.201087139886405,1
927,0.2011996913630157,1
928,0.2012163885820661,1
929,0.2012688940635389,1
930,0.2015997683389107,1
931,0.2022103738638961,1
932,0.2022262803020801,1
933,0.2025246812839211,1
934,0.2025911739025104,1
935,0.2026513460409749,1
936,0.2030557581498599,1
937,0.2030800957971655,1
938,0.2035774224058491,1
939,0.2038676334897648,1
940,0.2039079365317372,1
941,0.2039801951017968,1
942,0.2041959585131208,1
943,0.2045646980680658,1
944,0.2047731107922939,1
945,0.2048090359403111,1
946,0.2049223610317346,1
947,0.2052705541023126,1
948,0.2054390589805929,1
949,0.2057966272830189,1
950,0.2059295136242477,1
951,0.2068723299874587,1
952,0.2070805742321403,1
953,0.2071278398504855,1
954,0.2076754367069941,1
955,0.2076942171205786,1
956,0.2078920524108627,1
957,0.2079221933718362,1
958,0.2079772505444851,1
959,0.2081812891109021,1
960,0.2083254485739259,1
961,0.2084963653275546,1
962,0.2086734268734314,1
963,0.209013448445304,1
964,0.2090517908733589,1
965,0.2090636756053024,1
966,0.2090878657049762,1
967,0.2091058835770186,1
968,0.2094675292591363,1
969,0.2098065643801206,1
970,0.2099531782814429,1
971,0.2102008660095547,1
972,0.2104755916907033,1
973,0.2105119709037804,1
974,0.2108254437925299,1
975,0.2109598845370035,1
976,0.2109648982837405,1
977,0.2110888461410622,1
978,0.212400739048952,1
979,0.212408812981802,1
980,0.2125434403016205,1
981,0.2126373534038938,1
982,0.2129287845460037,1
983,0.2130247743849086,1
984,0.2132622321855396,1
985,0.2134538534280843,1
986,0.2134961185931367,1
987,0.2135458008991365,1
988,0.2136035037042803,1
989,0.2136154014348106,1
990,0.2138627761479166,1
991,0.2140763633312194,1
992,0.2142905767977476,1
993,0.214417586736091,1
994,0.2145288031116697,1
995,0.2148011453142428,1
996,0.215112471907893,1
997,0.2153086420310659,1
998,0.2153930709450038,1
999,0.2156083366698849,1
1000,0.2159978061758538,1
1001,0.2164852452424635,1
1002,0.2165618010358609,1
1003,0.2166449666957057,1
1004,0.2170295391872723,1
1005,0.2172315717637353,1
1006,0.2174280720598606,1
1007,0.2182011552566486,1
1008,0.2183698113166974,1
1009,0.2184407010204433,1
1010,0.2185427363934039,1
1011,0.2185801394347072,1
1012,0.2187616821468946,1
1013,0.2188128611028165,1
1014,0.2188931337845124,1
1015,0.2193065715743214,1
1016,0.2193777563626514,1
1017,0.2194694925065476,1
1018,0.21950986038521,1
1019,0.2195169088324086,1
1020,0.2196559479353426,1
1021,0.2197697748944593,1
1022,0.2199164549961033,1
1023,0.2199723671782896,1
1024,0.2200745071456114,1
1025,0.2206133312574983,1
1026,0.2206228901717004,1
1027,0.2218827118567733,1
1028,0.2218898390701477,1
1029,0.2219655939898592,1
1030,0.222031148710496,1
1031,0.2221347918789681,1
1032,0.222329328066993,1
1033,0.2223456774512602,1
1034,0.2226676422697783,1
1035,0.2226747767306144,1
1036,0.2226818967382299,1
1037,0.2234153219895504,1
1038,0.2235823577534496,1
1039,0.2237865917851707,1
1040,0.2239397323513984,1
1041,0.223981905718597,1
1042,0.2242713825506735,1
1043,0.2245546549853238,1
1044,0.2246817277707812,1
1045,0.2248163921633353,1
1046,0.2250183542378132,1
1047,0.2250453310769734,1
1048,0.2254154580074399,1
1049,0.2254334894862329,1
1050,0.2255607432096947,1
1051,0.2255943351286867,1
1052,0.2257839018949293,1
1053,0.2260296181902354,1
1054,0.2263981405352471,1
1055,0.2265344300076479,1
1056,0.2266390888504886,1
1057,0.2268933815546004,1
1058,0.2272967984660996,1
1059,0.227317361602321,1
1060,0.2273346309164353,1
1061,0.2273586402817482,1
1062,0.2282596360598664,1
1063,0.2283886476901583,1
1064,0.2284298314087006,1
1065,0.2288701915937508,1
1066,0.2294411450667852,1
1067,0.2295099757963849,1
1068,0.2296592269849764,1
1069,0.229659614152674,1
1070,0.229769482427151,1
1071,0.2301792431371408,1
1072,0.2303095635370118,1
1073,0.2303430481885241,1
1074,0.2304533019918119,1
1075,0.2305482940106121,1
1076,0.2305622693469728,1
1077,0.2308823927865791,1
1078,0.2310936257826125,1
1079,0.231663843447813,1
1080,0.2320628990177663,1
1081,0.2322892551745266,1
1082,0.2323664815972434,1
1083,0.2325420773339535,1
1084,0.2331256305070787,1
1085,0.2336034588243526,1
1086,0.2336156685569161,1
1087,0.2339318398807781,1
1088,0.2342748081596967,1
1089,0.2344178221576124,1
1090,0.2350000186117962,1
1091,0.2356410676747079,1
1092,0.2357567356915811,1
1093,0.235955706511586,1
1094,0.2360994824295868,1
1095,0.2361164130542716,1
1096,0.2362460167418965,1
1097,0.2362803482757672,1
1098,0.2363971030810509,1
1099,0.2367499547605825,1
1100,0.2373304363441087,1
1101,0.237411151018453,1
1102,0.2374226687270203,1
1103,0.2376015704746246,1
1104,0.2385193453038141,1
1105,0.2385536762279573,1
1106,0.2388478843131496,1
1107,0.2390382138039259,1
1108,0.2391372585399283,1
1109,0.2393536958359918,1
1110,0.2394124100197452,1
1111,0.239474308632029,1
1112,0.2394824009984506,1
1113,0.239530688278975,1
1114,0.2397065845989205,1
1115,0.2399940910483026,1
1116,0.2401013027870691,1
1117,0.2401524490718535,1
1118,0.2402304596856485,1
1119,0.2407812789540222,1
1120,0.240981079116004,1
1121,0.2410214186368849,1
1122,0.2412142444413616,1
1123,0.2416842746701667,1
1124,0.2416931449585526,1
1125,0.2418791771189553,1
1126,0.242346577711663,1
1127,0.2425366488544609,1
1128,0.2429533043370789,1
1129,0.2431961835779345,1
1130,0.2434170834402345,1
1131,0.243431638611301,1
1132,0.2434383886170379,1
1133,0.2435232135547426,1
1134,0.2435720392833771,1
1135,0.2439567254449611,1
1136,0.2440199222541096,1
1137,0.2440423119178164,1
1138,0.2444469390524588,1
1139,0.2444696114962656,1
1140,0.2446576140913132,1
1141,0.2451562587352487,1
1142,0.245322370160611,1
1143,0.2453673694992522,1
1144,0.2455553892299155,1
1145,0.2458679769026714,1
1146,0.2460644508745897,1
1147,0.2461278176015508,1
1148,0.2468460128208742,1
1149,0.2470296676441122,1
1150,0.2470427181136238,1
1151,0.2476739140344432,1
1152,0.2477512996810524,1
1153,0.2478462642469731,1
1154,0.2483191495705803,1
1155,0.2488842492289419,1
1156,0.2489890019502854,1
1157,0.2490532694907521,1
1158,0.2491253905683893,1
1159,0.2495160823218139,1
1160,0.2497607067922608,1
1161,0.2501138325921063,1
1162,0.250359092693419,1
1163,0.2504392708659566,1
1164,0.2507451451123828,1
1165,0.2520052244157562,1
1166,0.2522479966369927,1
1167,0.2526183771781721,1
1168,0.2527450228774695,1
1169,0.2528749431469137,1
1170,0.253090361055487,1
1171,0.2532806585696738,1
1172,0.2534941643421499,1
1173,0.2535200245146259,1
1174,0.2539225149800159,1
1175,0.2547119184276619,1
1176,0.2548413129715648,1
1177,0.2549978696206487,1
1178,0.2550455711980444,1
1179,0.2553322648107378,1
1180,0.2558674374875492,1
1181,0.2561044175123928,1
1182,0.2561163985421095,1
1183,0.2567486538714149,1
1184,0.2569375464266624,1
1185,0.257416587676575,1
1186,0.2574626715755619,1
1187,0.2574768291760046,1
1188,0.2578337648266603,1
1189,0.2578858811424839,1
1190,0.2592256394032824,1
1191,0.2592716098720437,1
1192,0.2594075098895339,1
1193,0.2612892567462087,1
1194,0.2616493523205172,1
1195,0.2621972812570229,1
1196,0.2629744210109995,1
1197,0.2632068931564499,1
1198,0.2632607496345552,1
1199,0.2632663422025451,1
1200,0.2633755738308404,1
1201,0.263558529786814,1
1202,0.2637905320963465,1
1203,0.2638279970397069,1
1204,0.2638533417050699,1
1205,0.2652770773303659,1
1206,0.2656779086140526,1
1207,0.265747719440493,1
1208,0.2658686024477922,1
1209,0.2659637308615546,1
1210,0.2660162104539301,1
1211,0.2662663614324955,1
1212,0.2664406966560177,1
1213,0.2671269418515377,1
1214,0.2673954176609535,1
1215,0.2674199083367403,1
1216,0.2675443960084132,1
1217,0.2676957424674921,1
1218,0.2680230239325827,1
1219,0.2682162373082785,1
1220,0.2684769741118396,1
1221,0.2690280799465373,1
1222,0.269055471146767,1
1223,0.2694106400617149,1
1224,0.2696881890464327,1
1225,0.2699382771661631,1
1226,0.2705803413310049,1
1227,0.2707475568353611,1
1228,0.2707826654142098,1
1229,0.2717877746099908,1
1230,0.2722921279233998,1
1231,0.2723775428216765,1
1232,0.2724649702879196,1
1233,0.2725912819142249,1
1234,0.2727874566293572,1
1235,0.2735522490297467,1
1236,0.2743177940829725,1
1237,0.2743721955352418,1
1238,0.2751752706750426,1
1239,0.2754119221232234,1
1240,0.2755406769573331,1
1241,0.2757577144290073,1
1242,0.2758243723385276,1
1243,0.2761569847786853,1
1244,0.2763538513416118,1
1245,0.2764497796625779,1
1246,0.277377948932944,1
1247,0.2775227878761471,1
1248,0.2776904559860034,1
1249,0.2781911215973663,1
1250,0.2782125646815214,1
1251,0.2782938398533795,1
1252,0.2783337187357294,1
1253,0.2787919993477527,1
1254,0.2788687451076767,1
1255,0.2791218967070455,1
1256,0.2793826078337631,1
1257,0.2796924051002133,1
1258,0.2800744422000619,1
1259,0.2805535262201746,1
1260,0.2813694182382817,1
1261,0.2815829484342303,1
1262,0.2817118305368398,1
1263,0.2822534610816363,1
1264,0.2824285139277091,1
1265,0.2828361266940912,1
1266,0.2828826994384339,1
1267,0.2833032072536406,1
1268,0.283437797581504,1
1269,0.284070500686579,1
1270,0.2841805935093134,1
1271,0.2843141786762597,1
1272,0.2848138066858533,1
1273,0.2852661332235569,1
1274,0.285553128155741,1
1275,0.2855929266548161,1
1276,0.2857812074306484,1
1277,0.2860289473685183,1
1278,0.2862419464438097,1
1279,0.2862547163088641,1
1280,0.2863811033501034,1
1281,0.2865115443229357,1
1282,0.2866180046268113,1
1283,0.2866975676065479,1
1284,0.2870770514484853,1
1285,0.2872771007632181,1
1286,0.2877143998814792,1
1287,0.2882589360270211,1
1288,0.2886529827269447,1
1289,0.288904042935762,1
1290,0.2899275713408896,1
1291,0.2899959300886144,1
1292,0.2900927212518196,1
1293,0.2902151947930138,1
1294,0.2908465603606086,1
1295,0.2913921858212424,1
1296,0.2914398127597381,1
1297,0.291793228192525,1
1298,0.2919410148885034,1
1299,0.2924109651133832,1
1300,0.2924263942793184,1
1301,0.2925333000126555,1
1302,0.2929320838902121,1
1303,0.2929648455107732,1
1304,0.2937981298885803,1
1305,0.294492461064188,1
1306,0.2946360111642893,1
1307,0.2952794635200227,1
1308,0.2952880940287861,1
1309,0.2955074140512712,1
1310,0.2963390543887544,1
1311,0.2969842157754654,1
1312,0.2971188946855303,1
1313,0.2973620257941593,1
1314,0.2976257272101186,1
1315,0.2976680125029952,1
1316,0.2979015910233052,1
1317,0.2979900722819834,1
1318,0.2982015603817454,1
1319,0.2982334153162293,1
1320,0.2994479643755572,1
1321,0.2995625623206507,1
1322,0.2996344374524911,1
1323,0.2996486610678901,1
1324,0.2996720603253093,1
1325,0.2999912686248037,1
1326,0.3000273774849404,1
1327,0.3004495433823766,1
1328,0.3005179315295247,1
1329,0.300526416442464,1
1330,0.3006031931814541,1
1331,0.3011786506194122,1
1332,0.3018793927248989,1
1333,0.3022644937848074,1
1334,0.3030906444114431,1
1335,0.3037131136420588,1
1336,0.3039924834148388,1
1337,0.3040750313611579,1
1338,0.3041131597519542,1
1339,0.3043621908998873,1
1340,0.3048847054992893,1
1341,0.3053506996338401,1
1342,0.3054007654694643,1
1343,0.3056499840209735,1
1344,0.3057397021219346,1
1345,0.3057695966997672,1
1346,0.3059813979006544,1
1347,0.3060839477064756,1
1348,0.3062205527396036,1
1349,0.3070932196620333,1
1350,0.3074078954549057,1
1351,0.3089164372066384,1
1352,0.3092134605943253,1
1353,0.3092584378778745,1
1354,0.3094049224639737,1
1355,0.3096637877729558,1
1356,0.3103248085214793,1
1357,0.3104518190352228,1
1358,0.3106750769075132,1
1359,0.3114419176344635,1
1360,0.3118801620972917,1
1361,0.3121166525350008,1
1362,0.3122802263870703,1
1363,0.3123305105031658,1
1364,0.3125741666440562,1
1365,0.3127323154568026,1
1366,0.3128519306273602,1
1367,0.3131118287091608,1
1368,0.3132858204941773,1
1369,0.3138269334464976,1
1370,0.3144041466117585,1
1371,0.314566741161389,1
1372,0.3149120696580231,1
1373,0.3153029465217511,1
1374,0.3153629161573978,1
1375,0.3153879378000425,1
1376,0.3155433656853933,1
1377,0.3158719118493127,1
1378,0.316096206047175,1
1379,0.3166818763363376,1
1380,0.3176921079981329,1
1381,0.3179039553728134,1
1382,0.3183029136615616,1
1383,0.3184702313678106,1
1384,0.3189149806492792,1
1385,0.3195453631932832,1
1386,0.3200288988441824,1
1387,0.3201305971960979,1
1388,0.32029245850842,1
1389,0.3210310466339812,1
1390,0.3220695086179858,1
1391,0.322927944813395,1
1392,0.3230555663057516,1
1393,0.3238632278745291,1
1394,0.3238705844188502,1
1395,0.3241306551428273,1
1396,0.3243360512901862,1
1397,0.3245004305197552,1
1398,0.3247884453531913,1
1399,0.3251532208016852,1
1400,0.3271179736696078,1
1401,0.3272940311182911,1
1402,0.3274806020293026,1
1403,0.327599426765164,1
1404,0.3282454511075328,1
1405,0.3290956407452181,1
1406,0.3295608583875433,1
1407,0.3307099908957197,1
1408,0.3310712781676404,1
1409,0.3311464209632696,1
1410,0.3312561373365224,1
1411,0.331533030127653,1
1412,0.3328592436780564,1
1413,0.3337747793880942,1
1414,0.3337818198843713,1
1415,0.3338681010142587,1
1416,0.334393844973683,1
1417,0.3357044580038752,1
1418,0.3357314842633294,1
1419,0.3363453401946092,1
1420,0.3364044154455368,1
1421,0.3367147747066516,1
1422,0.3370294944520321,1
1423,0.3373350966117372,1
1424,0.3376554778894722,1
1425,0.3379630797527139,1
1426,0.3383964911920572,1
1427,0.3384332997341037,1
1428,0.3384761554007217,1
1429,0.3398650022072016,1
1430,0.3401817424583364,1
1431,0.3402473372802621,1
1432,0.3409113657525539,1
1433,0.3410503745351419,1
1434,0.34117175107314,1
1435,0.3414013653537328,1
1436,0.3420012872196277,1
1437,0.3424967368736493,1
1438,0.3427365491754516,1
1439,0.3431110453784946,1
1440,0.3438700695148926,1
1441,0.3439416936982126,1
1442,0.3446700747547463,1
1443,0.3449297282683705,1
1444,0.3455845976562217,1
1445,0.3461763333850235,1
1446,0.3467337060033555,1
1447,0.347641028562641,1
1448,0.3482380336346151,1
1449,0.3503483520591601,1
1450,0.3506542179686153,1
1451,0.3515660195975935,1
1452,0.3516461611027202,1
1453,0.3518475051018797,1
1454,0.3535606872997789,1
1455,0.3540731101973157,1
1456,0.3541934192306774,1
1457,0.3557436006770569,1
1458,0.3564596336246256,1
1459,0.3565306551820751,1
1460,0.3586594373549147,1
1461,0.3589878619720138,1
1462,0.3590896321514745,1
1463,0.3591138943856426,1
1464,0.3597914518030357,1
1465,0.3597991071893873,1
1466,0.3600379487317127,1
1467,0.3603108196914626,1
1468,0.3620988687992773,1
1469,0.3621486765698212,1
1470,0.3627468766845706,1
1471,0.3632830788939719,1
1472,0.3632932649912645,1
1473,0.3633963663213362,1
1474,0.3638460122461403,1
1475,0.365000680001614,1
1476,0.3653028799546822,1
1477,0.3654345011217719,1
1478,0.3655296498067391,1
1479,0.3660214208646453,1
1480,0.3668713809240901,1
1481,0.367814039291631,1
1482,0.3678375712301418,1
1483,0.3684455386099277,1
1484,0.3697431737741543,1
1485,0.3697470764083347,1
1486,0.3701446265096932,1
1487,0.3702330753038226,1
1488,0.3708368482266401,1
1489,0.3714376808299812,1
1490,0.3726635063955213,1
1491,0.3727039514180677,1
1492,0.3731532613806976,1
1493,0.3737021863621426,1
1494,0.3746133520938799,1
1495,0.3746836728836641,1
1496,0.37554708512805,1
1497,0.3764676982253533,1
1498,0.3765407680559499,1
1499,0.3765462780156646,1
1500,0.3769831316808078,1
1501,0.3787749130531515,1
1502,0.380515842389177,1
1503,0.380954899272519,1
1504,0.3814811484703482,1
1505,0.3816511639739454,1
1506,0.3816918429752049,1
1507,0.382241510566853,1
1508,0.383892697333595,1
1509,0.3841608544674729,1
1510,0.3841718586693691,1
1511,0.3844379845311166,1
1512,0.385239066578148,1
1513,0.3852777241120027,1
1514,0.3853124532728246,1
1515,0.3866840493618886,1
1516,0.3869006514444186,1
1517,0.3875623559526023,1
1518,0.3882714887871722,1
1519,0.3884596069780361,1
1520,0.3889315387887531,1
1521,0.3899181507270458,1
1522,0.3903181000585835,1
1523,0.3907549636407601,1
1524,0.3908694266687943,1
1525,0.3910303940682029,1
1526,0.3922482099650605,1
1527,0.3923983585107578,1
1528,0.3924381472319534,1
1529,0.392527430954831,1
1530,0.3927932730559264,1
1531,0.3943190942440823,1
1532,0.3945112488170527,1
1533,0.3945425109942756,1
1534,0.3947188520907108,1
1535,0.394800612442912,1
1536,0.3948310298472432,1
1537,0.3957741785659045,1
1538,0.3961463263490829,1
1539,0.3971008721767493,1
1540,0.3983704528578976,1
1541,0.3987781107525027,1
1542,0.3991189253822319,1
1543,0.399688474106301,1
1544,0.4015051237551918,1
1545,0.4029625078013008,1
1546,0.4043389338570771,1
1547,0.4043529814154791,1
1548,0.4053136445306321,1
1549,0.4062741817655163,1
1550,0.4078379762514439,1
1551,0.4079572508830206,1
1552,0.4088253933841775,1
1553,0.4096393271529425,1
1554,0.4100580065115795,1
1555,0.4101443139842046,1
1556,0.411056042878561,1
1557,0.4111318448511002,1
1558,0.4112876647701117,1
1559,0.4119310869073861,1
1560,0.4120057196847724,1
1561,0.4131820365074442,1
1562,0.4140295347443266,1
1563,0.4151361708427153,1
1564,0.4159459731246341,1
1565,0.4159537494354966,1
1566,0.4162128644911295,1
1567,0.4163583195141827,1
1568,0.4165041681644079,1
1569,0.4166924177727286,1
1570,0.416830459467254,1
1571,0.4187766397602486,1
1572,0.4203983995639327,1
1573,0.4205211418800817,1
1574,0.4211300973468825,1
1575,0.42207976663893,1
1576,0.4223264037687028,1
1577,0.4228070485665727,1
1578,0.4242002322998664,1
1579,0.4243723146285666,1
1580,0.4244671167778962,1
1581,0.4250002071834237,1
1582,0.425269436771445,1
1583,0.4256201338183149,1
1584,0.4270840840181949,1
1585,0.4273456103591667,1
1586,0.4283256019316098,1
1587,0.4288067155890576,1
1588,0.4288328038846388,1
1589,0.429232095306371,1
1590,0.429310352923763,1
1591,0.4294055139321684,1
1592,0.430638192156549,1
1593,0.4319819289075872,1
1594,0.4332106660321876,1
1595,0.4334691151750069,1
1596,0.4337008432612243,1
1597,0.4338158958638697,1
1598,0.4341455207954025,1
1599,0.4348048577888723,1
1600,0.4352616075737118,1
1601,0.4354236097890106,1
1602,0.4356830761041885,1
1603,0.4366960229274716,1
1604,0.4374041573473819,1
1605,0.4390462298730335,1
1606,0.4395953157185873,1
1607,0.4404015108744254,1
1608,0.4411854192745734,1
1609,0.4444087218374922,1
1610,0.4448900356042786,1
1611,0.4466287269397814,1
1612,0.4482010239879695,1
1613,0.4487619244587638,1
1614,0.4510863634540083,1
1615,0.4529487246359933,1
1616,0.453362819633107,1
1617,0.4568117596321717,1
1618,0.4577129018113366,1
1619,0.4582776368101754,1
1620,0.4584729828445808,1
1621,0.4585236873437197,1
1622,0.4591387795019977,1
1623,0.4594978977268079,1
1624,0.4596791311511135,1
1625,0.4600615130868874,1
1626,0.4603182122999413,1
1627,0.4616016700584351,1
1628,0.4619474029028474,1
1629,0.462035074167408,1
1630,0.4621746791200887,1
1631,0.4623083326600297,1
1632,0.4624585548193514,1
1633,0.4627639299639907,1
1634,0.4635985726475178,1
1635,0.4644356396149035,1
1636,0.4644459982998045,1
1637,0.4647489252123905,1
1638,0.46549701962076,1
1639,0.4659690664098587,1
1640,0.4672770700651487,1
1641,0.4673601143985315,1
1642,0.4690402944249114,1
1643,0.4691324121349359,1
1644,0.4698790785753413,1
1645,0.4700702600641167,1
1646,0.4717148025242573,1
1647,0.4726213876738479,1
1648,0.4733615629219782,1
1649,0.4746306967490375,1
1650,0.4749915226313604,1
1651,0.4753364819700747,1
1652,0.4754999313847438,1
1653,0.477606468379994,1
1654,0.4776198939649409,1
1655,0.4778884935760966,1
1656,0.4792038903496357,1
1657,0.4824972115694717,1
1658,0.4862272759089591,1
1659,0.4868161338106246,1
1660,0.4874342008843789,1
1661,0.4916978774912536,1
1662,0.492067640891262,1
1663,0.4932419605986642,1
1664,0.4957199064180247,1
1665,0.4970425736797562,1
1666,0.4977260673410842,1
1667,0.4980618028109779,1
1668,0.4987631532337986,1
1669,0.4994095581189866,1
1670,0.4994187726091481,1
1671,0.5002541386213623,1
1672,0.5015578589910792,1
1673,0.5015620709854108,1
1674,0.5032297971862139,1
1675,0.5038493859382602,1
1676,0.5046092985514012,1
1677,0.5048828714472379,1
1678,0.5052443922136147,1
1679,0.5079629341637072,1
1680,0.5083531247089956,1
1681,0.5088304973304972,1
1682,0.5115983929361879,1
1683,0.5125019355064765,1
1684,0.5136149291560661,1
1685,0.5141468229003981,1
1686,0.5167237377109527,1
1687,0.5168039490799934,1
1688,0.5172779215258786,1
1689,0.5181394028450285,1
1690,0.5193549199233066,1
1691,0.5215435356853393,1
1692,0.5238735334432437,1
1693,0.5248182059944438,1
1694,0.5250332503587594,1
1695,0.5277270457393929,1
1696,0.5282393003272833,1
1697,0.5300829675405804,1
1698,0.53191641749938,1
1699,0.5360676389203859,1
1700,0.5456055088042727,1
1701,0.5458086076872245,1
1702,0.5464360727483467,1
1703,0.5484068068532018,1
1704,0.5503212814295445,1
1705,0.5518699585025644,1
1706,0.5543413423382096,1
1707,0.5568101466293913,1
1708,0.5568636191124763,1
1709,0.558581467767438,1
1710,0.5602393211932764,1
1711,0.5608938222405347,1
1712,0.5630580138195318,1
1713,0.5646181386382123,1
1714,0.5655982128997697,1
1715,0.5684518729478628,1
1716,0.5690124931396383,1
1717,0.569326595171069,1
1718,0.5709590806972623,1
1719,0.5721631822913151,1
1720,0.5755772352450967,1
1721,0.5761878599060076,1
1722,0.5796811272813437,1
1723,0.5819823278415697,1
1724,0.582454310261914,1
1725,0.5841685269379152,1
1726,0.5858571694623598,1
1727,0.5921685139719248,1
1728,0.5927901624326954,1
1729,0.5928285181298178,1
1730,0.5930925043395538,1
1731,0.5949177666406239,1
1732,0.5950419837659827,1
1733,0.5987642266070247,1
1734,0.6119566446559803,1
1735,0.6185259972337829,1
1736,0.6188184863413605,1
1737,0.6273069739190924,1
1738,0.6282942183472979,1
1739,0.6319342808369869,1
1740,0.6338000583236644,1
1741,0.6370671819867221,1
1742,0.6392862477796446,1
1743,0.6474002685880361,1
1744,0.6500870027144108,1
1745,0.6581777330386798,1
1746,0.6602533847545091,1
1747,0.6620541559499052,1
1748,0.6630845130128462,1
1749,0.6631478301580034,1
1750,0.6648811619331831,1
1751,0.6649416912956139,1
1752,0.665470323210396,1
1753,0.665875315657616,1
1754,0.6663625267085727,1
1755,0.6668634621168883,1
1756,0.6695528288804984,1
1757,0.6701301959549827,1
1758,0.6701952147391393,1
1759,0.6708476730818077,1
1760,0.6729551252441299,1
1761,0.673201706911966,1
1762,0.6754885858477768,1
1763,0.6826432274534292,1
1764,0.6830339427476335,1
1765,0.6866726318698094,1
1766,0.6882398966955511,1
1767,0.6893089107091088,1
1768,0.6903302124934575,1
1769,0.6940307239600517,1
1770,0.697361210907453,1
1771,0.6993191079706664,1
1772,0.7015803328393452,1
1773,0.705407910846119,1
1774,0.7087809000287739,1
1775,0.7090901273203354,1
1776,0.7091113649407325,1
1777,0.7107637801467618,1
1778,0.7123571834136752,1
1779,0.7162833846747343,1
1780,0.720564547971734,1
1781,0.7233378536861761,1
1782,0.7251532908700737,1
1783,0.7351120207015169,1
1784,0.7468363235557903,1
1785,0.7587492580647903,1
1786,0.7592667152619745,1
1787,0.7709467834790006,1
1788,0.771574275435063,1
1789,0.78244452110871,1
1790,0.7830349994262872,1
1791,0.7884978613600567,1
1792,0.7970764791279519,1
1793,0.7978424605666348,1
1794,0.7995223976296139,1
1795,0.7999636609934987,1
1796,0.8091922445066186,1
1797,0.8098496752793942,1
1798,0.811212206202078,1
1799,0.8164254911773171,1
1800,0.8228456264942313,1
1801,0.8266137765984198,1
1802,0.8393267319714356,1
1803,0.8657633673283209,1
1804,0.8670181673153907,1
1805,0.8863693426228823,1
1806,0.891807598789006,1
1807,0.9015951553366751,1
1808,0.901624382483331,1
1809,0.9119092851511377,1
1810,0.9265876764344336,1
1811,0.9402119345635538,1
1812,0.9481362565770652,1
1813,0.9516451876209785,1
1814,0.9707919850369382,1
1815,0.9732752386868027,1
1816,0.9878543630878902,1
1817,1.007787754611049,1
1818,1.012039350814124,1
1819,1.024385324517056,1
1820,1.035581064279769,1
1821,1.043551916237206,1
1822,1.056384137572516,1
1823,1.057059415843233,1
1824,1.107591313847076,1
1825,1.141914965055413,1
1826,1.154678177873302,1
1827,1.158104752486224,1
1828,1.161777992373502,1
1829,1.194273126543618,1
1830,1.264333138688896,1
1831,1.290117434088305,1
1832,1.369157653541733,1
1833,1.466220739076421,1
1834,1.475554506653887,1
1835,1.503470042536374,1
1836,1.823041435623188,1
1837,1.834866844702157,1
1838,2.598301643032276,1
